<?xml version="1.0" encoding="UTF-8" ?>
<!DOCTYPE configuration PUBLIC "-//mybatis.org//DTD Config 3.0//EN"
"http://mybatis.org/dtd/mybatis-3-config.dtd">
<configuration>
	<environments default="test">
		<environment id="test">
			<transactionManager type="JDBC" />
			<dataSource type="POOLED">
				<property name="driver" value="com.mysql.jdbc.Driver" />
				<property name="url"
					value="jdbc:mysql://10.211.55.26:3306/hadoop_ubas?useUnicode=true&amp;characterEncoding=UTF-8&amp;zeroDateTimeBehavior=convertToNull" />
				<property name="username" value="root" />
				<property name="password" value="root" />
			</dataSource>
		</environment>
		<environment id="product">
			<transactionManager type="JDBC" />
			<dataSource type="POOLED">
				<property name="driver" value="com.mysql.jdbc.Driver" />
				<property name="url"
					value="jdbc:mysql://192.168.1.33:3306/hadoop_ubas?useUnicode=true&amp;characterEncoding=UTF-8&amp;zeroDateTimeBehavior=convertToNull" />
				<property name="username" value="ubas" />
				<property name="password" value="DzzdfwoOh#Pu47" />
			</dataSource>
		</environment>
	</environments>
	<mappers>
		<mapper resource="cn/jikexueyuan/ubas/dao/KpiDaoMapper.xml" />
	</mappers>
</configuration>